,id,x,y,majorAxis,minorAxis,angle,class
0,0,222.5,1394.0,7.09124231338501,9.380831718444824,90.0,1
1,1,1856.5037841796875,1392.9163818359375,15.374571800231934,18.262760162353516,6.2895588874816895,0
2,2,563.9446411132812,1393.4569091796875,16.318334579467773,18.60598373413086,107.14696502685547,0
3,3,354.5891418457031,1394.490234375,16.402095794677734,22.70360565185547,66.49310302734375,0
4,4,1387.3287353515625,1391.678466796875,11.025033950805664,15.231730461120605,13.110650062561035,1
5,5,1570.5625,1394.5540771484375,15.96882152557373,23.586711883544922,148.46405029296875,0
6,6,396.3879699707031,1391.9744873046875,14.64985466003418,34.08697509765625,104.72039794921875,0
7,7,1546.5,1387.0,5.851994514465332,10.976839065551758,9.99155330657959,0
8,8,1661.0855712890625,1387.10302734375,11.6253080368042,17.397031784057617,36.72263717651367,0
9,10,300.38592529296875,1396.170654296875,25.939990997314453,42.209415435791016,153.07809448242188,0
10,11,1478.6485595703125,1388.754638671875,24.051025390625,42.801109313964844,103.23255920410156,0
11,12,106.48924255371094,1385.1231689453125,19.30293846130371,103.5467758178711,92.98670959472656,0
12,13,517.112060546875,1385.490234375,26.95847511291504,38.2224235534668,83.02002716064453,0
13,14,1342.422607421875,1385.622802734375,15.355203628540039,32.904476165771484,0.5990315079689026,0
14,15,1411.809326171875,1386.625,16.758956909179688,40.5460090637207,155.02005004882812,1
15,16,1172.6983642578125,1382.024658203125,32.026248931884766,49.48155975341797,85.088134765625,1
16,17,1874.0267333984375,1371.4158935546875,14.997672080993652,28.67322540283203,28.936904907226562,0
17,18,698.1110229492188,1375.322021484375,30.87012481689453,40.48219299316406,40.51698684692383,0
18,19,757.2254638671875,1375.21142578125,35.12112808227539,55.50489044189453,111.36443328857422,0
19,20,2033.5728759765625,1367.6746826171875,17.973772048950195,23.806392669677734,25.577068328857422,0
20,21,955.01318359375,1378.628662109375,39.720008850097656,72.20851135253906,95.91214752197266,0
21,22,2090.503662109375,1376.429443359375,30.425168991088867,41.63885498046875,171.3153076171875,0
22,23,214.5420684814453,1374.75927734375,33.177364349365234,65.71549987792969,75.28539276123047,0
23,24,1356.746826171875,1359.572021484375,7.916667938232422,19.477718353271484,119.8407211303711,0
24,25,321.817138671875,1361.168701171875,22.88665771484375,26.560134887695312,116.39336395263672,0
25,26,71.59983825683594,1355.9149169921875,13.354894638061523,17.707666397094727,64.22184753417969,0
26,27,1490.382568359375,1354.9652099609375,11.163069725036621,13.090287208557129,9.882469177246094,0
27,28,873.17333984375,1358.7462158203125,15.690813064575195,24.118547439575195,33.884212493896484,0
28,29,808.3890991210938,1361.926513671875,24.470600128173828,27.299724578857422,75.3298110961914,0
29,31,1449.8455810546875,1354.7667236328125,19.165943145751953,20.361968994140625,112.85432434082031,0
30,32,1554.34765625,1359.8709716796875,22.13601303100586,39.83110046386719,151.54989624023438,0
31,33,607.817138671875,1366.113037109375,45.13740921020508,59.630897521972656,130.6485595703125,0
32,34,1811.991943359375,1377.672607421875,22.13096046447754,80.07559204101562,173.81768798828125,0
33,35,236.8568572998047,1346.2613525390625,9.243638038635254,14.537381172180176,172.25880432128906,0
34,36,133.51361083984375,1353.094482421875,24.53574562072754,28.806175231933594,7.902563095092773,0
35,37,1085.43603515625,1341.1141357421875,5.262868881225586,7.815371513366699,6.106047630310059,1
36,38,524.331787109375,1350.149658203125,13.574216842651367,27.996204376220703,12.868148803710938,0
37,39,844.9522094726562,1352.221435546875,19.227039337158203,51.25639343261719,159.4031524658203,0
38,40,1116.275146484375,1358.72802734375,15.47511100769043,65.7761001586914,7.840860843658447,0
39,41,300.13018798828125,1337.35986328125,14.748470306396484,20.597095489501953,143.6018829345703,0
40,42,1361.8204345703125,1333.96240234375,8.41832160949707,21.26154136657715,141.18728637695312,0
41,43,1081.5,1327.0,4.71404504776001,7.071067810058594,26.565052032470703,1
42,44,1166.6634521484375,1333.7109375,22.40418815612793,26.189922332763672,74.74415588378906,0
43,45,782.3884887695312,1334.154541015625,21.062334060668945,27.45299530029297,71.7564926147461,0
44,46,1975.818115234375,1360.77734375,24.206323623657227,78.17963409423828,158.4567108154297,0
45,47,652.5474853515625,1336.8759765625,21.220291137695312,32.313819885253906,16.23017692565918,0
46,48,374.0880432128906,1346.57666015625,43.523441314697266,55.586917877197266,59.05388259887695,0
47,49,1301.4512939453125,1348.023193359375,34.821075439453125,65.702880859375,48.636474609375,0
48,50,1834.0946044921875,1340.9559326171875,20.175437927246094,47.357112884521484,155.92958068847656,0
49,51,1395.58154296875,1341.385498046875,34.66597366333008,48.98549270629883,14.826224327087402,1
50,55,1464.136474609375,1324.271240234375,15.919614791870117,22.88339614868164,73.50684356689453,0
51,56,1216.22705078125,1329.4188232421875,19.565082550048828,48.2945556640625,136.29054260253906,0
52,57,953.5548706054688,1322.8902587890625,16.770877838134766,32.91994857788086,44.88444137573242,0
53,58,888.7130126953125,1312.25,6.549676418304443,11.920341491699219,13.553321838378906,0
54,59,193.87234497070312,1315.1796875,14.883332252502441,20.115692138671875,145.4990997314453,0
55,60,1796.1260986328125,1306.8721923828125,14.256810188293457,23.376840591430664,38.308349609375,0
56,61,1748.764404296875,1305.8516845703125,17.467479705810547,20.832721710205078,173.67930603027344,0
57,64,603.4239501953125,1313.6231689453125,26.23424530029297,39.71532440185547,14.476847648620605,0
58,65,975.8798828125,1307.5506591796875,12.643166542053223,30.923542022705078,170.22689819335938,0
59,66,1727.251220703125,1294.7369384765625,10.825163841247559,11.008132934570312,118.79607391357422,0
60,67,1381.701904296875,1305.9117431640625,20.89241600036621,33.83430480957031,22.214807510375977,0
61,68,1049.864501953125,1290.64794921875,6.183078765869141,7.794674873352051,25.55775260925293,1
62,69,246.9098358154297,1311.814453125,33.06131362915039,56.83725357055664,162.90699768066406,1
63,70,636.2169189453125,1300.708251953125,30.823991775512695,52.78473663330078,52.79914474487305,0
64,71,1270.313232421875,1318.254150390625,28.625652313232422,70.665771484375,174.40023803710938,0
65,72,862.660400390625,1302.947998046875,31.38695526123047,47.70537185668945,8.585179328918457,1
66,73,569.1428833007812,1295.7596435546875,17.774965286254883,34.51218032836914,176.213623046875,0
67,74,1514.175048828125,1314.392822265625,26.652324676513672,80.78776550292969,160.31900024414062,0
68,75,812.7567749023438,1278.0540771484375,4.135105609893799,5.558507442474365,99.21747589111328,0
69,76,1921.0159912109375,1305.09814453125,20.767717361450195,71.69976806640625,161.7073974609375,0
70,77,14.922406196594238,1283.70849609375,18.019426345825195,64.06214904785156,93.34152221679688,0
71,78,991.2498779296875,1279.2904052734375,12.795635223388672,19.69017219543457,167.89866638183594,1
72,79,732.0645141601562,1272.582275390625,11.412093162536621,12.279143333435059,106.16445922851562,0
73,80,705.46875,1311.0601806640625,51.035560607910156,90.51994323730469,143.19264221191406,0
74,81,382.5614929199219,1276.22900390625,17.877376556396484,22.60913848876953,13.084789276123047,1
75,82,1297.8524169921875,1266.1475830078125,5.660653591156006,7.473042964935303,135.0,1
76,83,68.54473114013672,1268.1414794921875,18.321687698364258,23.473167419433594,73.23448181152344,0
77,84,927.5036010742188,1288.1981201171875,29.29051399230957,70.13278198242188,27.241750717163086,0
78,85,244.36410522460938,1265.4835205078125,14.638958930969238,20.989004135131836,174.57664489746094,1
79,86,625.4007568359375,1259.3592529296875,11.446784019470215,25.01262855529785,98.46951293945312,0
80,88,346.6039123535156,1258.15185546875,10.73215103149414,12.343461990356445,115.16173553466797,1
81,89,955.1254272460938,1254.913818359375,11.371438026428223,16.20127296447754,146.60096740722656,1
82,90,814.834716796875,1284.918212890625,39.80926513671875,73.64999389648438,33.6119499206543,0
83,91,1296.4969482421875,1263.47900390625,28.611801147460938,38.13644027709961,173.30123901367188,0
84,92,1764.811279296875,1271.4862060546875,46.537715911865234,55.840232849121094,2.727109670639038,0
85,93,1203.8651123046875,1253.84375,24.654878616333008,34.90935134887695,126.87422943115234,1
86,94,1252.947998046875,1251.9906005859375,19.023761749267578,21.764297485351562,137.31124877929688,0
87,96,200.59686279296875,1250.44677734375,17.186288833618164,34.28753662109375,114.0141372680664,0
88,97,1682.5465087890625,1250.7681884765625,19.60464859008789,37.0537223815918,126.87521362304688,1
89,98,772.6072998046875,1262.4051513671875,13.53885269165039,57.9024772644043,172.75782775878906,1
90,99,1338.337646484375,1275.265625,37.542720794677734,76.98016357421875,4.520227432250977,0
91,100,1052.1402587890625,1288.5799560546875,60.3590087890625,98.0687255859375,171.9382781982422,1
92,101,600.604736328125,1240.602783203125,11.247088432312012,14.421496391296387,165.9527130126953,1
93,102,233.00108337402344,1242.1673583984375,12.451740264892578,19.903379440307617,150.1353759765625,1
94,103,1929.5372314453125,1246.844970703125,15.485319137573242,28.457521438598633,175.9237060546875,0
95,104,879.480224609375,1250.93408203125,35.604736328125,54.32679748535156,101.34706115722656,1
96,105,1641.1505126953125,1247.9019775390625,34.53999710083008,40.369850158691406,133.06381225585938,1
97,106,1814.1873779296875,1240.87646484375,12.550081253051758,31.873008728027344,10.133633613586426,0
98,107,292.63568115234375,1277.640380859375,51.65875244140625,116.48194885253906,150.76380920410156,0
99,109,2043.5516357421875,1225.76708984375,16.132415771484375,21.012042999267578,143.36325073242188,0
100,110,705.2310791015625,1228.0006103515625,11.976816177368164,26.93724250793457,156.49111938476562,1
101,111,1543.099609375,1268.6966552734375,41.74578857421875,127.14702606201172,156.11358642578125,1
102,112,1141.3782958984375,1224.6834716796875,17.457286834716797,22.31259536743164,124.74871063232422,1
103,113,1609.9671630859375,1218.525146484375,7.734283924102783,22.29547882080078,158.76593017578125,1
104,114,99.50984954833984,1268.065673828125,62.85428237915039,114.25453186035156,18.018001556396484,0
105,115,1560.141357421875,1210.822021484375,17.345687866210938,22.656625747680664,147.7062225341797,0
106,116,1512.9832763671875,1209.0174560546875,14.862982749938965,16.159894943237305,16.461986541748047,1
107,117,1430.1051025390625,1227.23095703125,19.319787979125977,64.64785766601562,170.21864318847656,1
108,118,680.9483642578125,1223.7464599609375,18.48069190979004,48.922183990478516,153.03807067871094,0
109,119,801.4982299804688,1223.86669921875,31.391420364379883,47.081443786621094,18.19922637939453,1
110,120,1306.9769287109375,1200.2269287109375,5.82292366027832,7.706769943237305,147.3806915283203,1
111,121,1505.7196044921875,1196.3985595703125,5.876121520996094,10.16834545135498,99.21747589111328,1
112,122,1121.06103515625,1205.82958984375,15.28513240814209,30.7161922454834,24.042583465576172,0
113,123,1296.611083984375,1214.846435546875,40.864742279052734,52.6590576171875,70.7774658203125,1
114,124,1209.06103515625,1215.9630126953125,44.494239807128906,72.77973937988281,91.94182586669922,1
115,125,1497.0078125,1189.4091796875,6.722059726715088,12.0410795211792,170.26266479492188,1
116,126,2043.8251953125,1187.2252197265625,8.126373291015625,16.413606643676758,95.9335708618164,0
117,127,994.4043579101562,1200.4091796875,15.29714584350586,41.05975341796875,154.724853515625,1
118,128,402.3088073730469,1204.2191162109375,29.53563117980957,62.74635696411133,5.971394062042236,1
119,129,637.9338989257812,1213.7362060546875,33.60145568847656,94.79438781738281,147.34361267089844,1
120,130,259.150634765625,1183.4912109375,17.209232330322266,22.518543243408203,15.640610694885254,0
121,131,310.1596374511719,1201.9639892578125,42.95490264892578,79.77085876464844,117.07951354980469,1
122,132,832.9998168945312,1175.23095703125,10.189892768859863,20.896512985229492,16.27591896057129,1
123,133,2085.589599609375,1185.70361328125,18.156248092651367,49.679603576660156,162.433837890625,0
124,134,1148.9686279296875,1185.0643310546875,23.400806427001953,42.09563446044922,0.7116335034370422,1
125,135,507.10845947265625,1170.9202880859375,9.290749549865723,17.129104614257812,16.335269927978516,1
126,136,33.25959014892578,1211.5245361328125,55.0515022277832,88.14236450195312,170.7378387451172,0
127,137,1755.9825439453125,1185.039794921875,25.919208526611328,63.453773498535156,146.62831115722656,0
128,139,150.14505004882812,1166.5240478515625,15.501660346984863,30.419300079345703,55.29853057861328,0
129,140,1115.9217529296875,1167.6217041015625,13.243021011352539,31.486656188964844,146.1456756591797,1
130,141,317.12322998046875,1163.837890625,18.941410064697266,29.278179168701172,162.04098510742188,1
131,142,119.87835693359375,1155.806396484375,15.420093536376953,19.720794677734375,155.21932983398438,0
132,143,1999.9498291015625,1169.0103759765625,24.190519332885742,54.94449996948242,140.4275360107422,0
133,144,1048.9765625,1151.06689453125,8.117684364318848,10.47580337524414,165.88340759277344,1
134,145,1537.974609375,1169.427490234375,29.626590728759766,75.9192886352539,124.36993408203125,1
135,146,476.2440185546875,1193.94970703125,61.08150863647461,98.34764862060547,166.0492401123047,1
136,147,48.044708251953125,1148.2528076171875,9.686522483825684,21.432865142822266,133.27960205078125,0
137,148,1941.775390625,1159.69775390625,17.352327346801758,51.61735153198242,158.7400360107422,0
138,149,240.73558044433594,1140.551025390625,10.603694915771484,21.608125686645508,85.11219787597656,1
139,150,1636.2801513671875,1168.972412109375,25.0750789642334,68.0048599243164,160.44236755371094,1
140,151,1431.28515625,1143.1767578125,9.436474800109863,26.50811767578125,158.5929412841797,1
141,152,352.72052001953125,1168.8441162109375,32.9036865234375,76.17135620117188,163.2252197265625,1
142,153,993.939697265625,1136.0958251953125,8.139643669128418,19.01510238647461,70.0677719116211,1
143,154,1785.630859375,1143.6092529296875,19.545040130615234,39.255733489990234,133.65054321289062,0
144,155,1316.990478515625,1148.737548828125,40.39578628540039,47.42589569091797,46.73392868041992,1
145,157,603.3867797851562,1128.8885498046875,9.79159164428711,12.732749938964844,131.56239318847656,1
146,158,559.07080078125,1179.5771484375,50.9002685546875,108.63671875,169.0856170654297,1
147,159,1386.78759765625,1172.066162109375,59.385684967041016,112.49089050292969,156.3164520263672,1
148,160,1286.8740234375,1125.3798828125,20.67792320251465,28.616064071655273,170.1024169921875,1
149,161,1167.5977783203125,1133.82275390625,28.768104553222656,53.10764694213867,46.80608367919922,1
150,162,66.47054290771484,1125.1629638671875,24.06092643737793,33.14926528930664,137.89736938476562,0
151,163,778.3944702148438,1131.2464599609375,29.17524528503418,56.64874267578125,128.94493103027344,1
152,164,1720.90185546875,1104.727294921875,6.169408321380615,16.219297409057617,2.0709850788116455,1
153,165,1391.32421875,1106.4718017578125,7.910563945770264,10.59959602355957,166.36166381835938,1
154,166,211.73114013671875,1104.773681640625,9.031249046325684,11.43232536315918,98.1301040649414,1
155,167,176.37969970703125,1165.58544921875,48.31841278076172,126.15867614746094,17.8077449798584,0
156,168,289.32464599609375,1107.716796875,12.70331859588623,18.8763484954834,148.46595764160156,1
157,169,946.8648071289062,1103.1561279296875,15.046100616455078,15.864880561828613,44.57771301269531,1
158,170,706.5966186523438,1148.9072265625,86.32075500488281,121.36903381347656,84.9881362915039,1
159,171,427.3763427734375,1119.9107666015625,46.77543640136719,54.41077423095703,17.772199630737305,1
160,172,864.5869750976562,1114.9443359375,30.471303939819336,60.157630920410156,51.82573318481445,1
161,173,470.400146484375,1100.38525390625,21.681913375854492,25.681428909301758,62.49312973022461,1
162,174,2042.2105712890625,1103.8983154296875,21.585617065429688,42.0615348815918,157.8762664794922,0
163,175,1580.1749267578125,1095.5013427734375,10.892877578735352,34.61850357055664,172.3296356201172,1
164,176,751.9373779296875,1090.625,14.594730377197266,21.555530548095703,139.69126892089844,1
165,177,625.9114990234375,1092.83349609375,16.56911277770996,30.599760055541992,154.44334411621094,1
166,179,1699.18310546875,1076.908447265625,4.673304080963135,6.484378814697266,99.82691192626953,1
167,181,1905.537353515625,1090.4521484375,14.68336296081543,44.57467269897461,168.48780822753906,0
168,182,1133.87841796875,1082.1065673828125,19.24714469909668,20.341392517089844,46.75271224975586,0
169,183,800.32763671875,1093.4818115234375,33.95368194580078,38.83491897583008,176.0236053466797,1
170,184,358.36798095703125,1096.96484375,39.863441467285156,48.9141731262207,30.917999267578125,1
171,185,1701.3177490234375,1084.451416015625,23.574153900146484,29.100082397460938,141.3732452392578,1
172,186,258.9185485839844,1086.609375,28.26681137084961,47.565887451171875,110.54923248291016,1
173,187,1240.3502197265625,1111.46875,50.42390823364258,90.06356048583984,171.27748107910156,1
174,188,520.2765502929688,1089.16845703125,32.360164642333984,62.31246566772461,9.16156005859375,1
175,189,1408.09912109375,1081.1927490234375,19.62799835205078,32.278053283691406,155.14501953125,1
176,191,1173.978515625,1069.577392578125,14.64844036102295,19.83470916748047,59.01832962036133,1
177,195,1089.490966796875,1102.3509521484375,31.44656753540039,84.51598358154297,159.838623046875,0
178,196,1841.586669921875,1066.928955078125,16.193315505981445,18.2906551361084,151.78219604492188,0
179,197,978.0935668945312,1064.1431884765625,6.850714683532715,16.24544906616211,168.8854522705078,1
180,198,879.7579345703125,1067.3861083984375,16.442764282226562,30.1540470123291,67.42032623291016,1
181,199,464.806640625,1069.4677734375,23.00530433654785,36.902076721191406,131.72927856445312,0
182,200,422.5319519042969,1072.1551513671875,35.049015045166016,39.847084045410156,154.6392059326172,1
183,201,846.7656860351562,1057.5509033203125,12.411857604980469,14.60045337677002,45.03581237792969,0
184,202,90.65216827392578,1078.0225830078125,30.19881248474121,52.04768371582031,162.60472106933594,0
185,204,1921.1717529296875,1051.88525390625,6.654789447784424,11.57800006866455,81.3882827758789,0
186,205,1279.5545654296875,1063.318359375,21.70008659362793,35.02832794189453,46.4764289855957,1
187,206,761.9295043945312,1057.95751953125,21.788846969604492,42.67854690551758,92.37711334228516,1
188,207,1622.553955078125,1052.1834716796875,14.153178215026855,21.571149826049805,94.61946105957031,1
189,208,137.10609436035156,1081.856689453125,36.87547302246094,77.18272399902344,22.748226165771484,0
190,209,108.94380950927734,1049.51708984375,11.157638549804688,14.891706466674805,27.829744338989258,0
191,211,1526.5738525390625,1052.8780517578125,16.12902069091797,29.505887985229492,6.531261444091797,1
192,213,1489.0489501953125,1089.864013671875,52.872310638427734,95.03109741210938,155.20082092285156,1
193,214,381.43359375,1049.006103515625,11.61151123046875,27.227863311767578,155.50782775878906,1
194,215,1270.523193359375,1044.7763671875,8.81328296661377,19.78877830505371,175.21505737304688,1
195,216,1419.0994873046875,1046.446044921875,22.03943634033203,38.344383239746094,116.28962707519531,1
196,217,879.0908203125,1033.7855224609375,7.908651828765869,10.487098693847656,34.1946907043457,1
197,218,888.5330810546875,1031.9954833984375,5.94077205657959,9.713288307189941,115.68429565429688,1
198,219,199.02120971679688,1046.1558837890625,19.30328941345215,37.71998596191406,156.536376953125,1
199,220,2079.4296875,1036.9154052734375,15.997239112854004,22.63617706298828,121.70126342773438,0
200,221,1692.7943115234375,1036.050048828125,22.71017074584961,28.983640670776367,80.21885681152344,0
201,222,972.8120727539062,1028.3231201171875,7.784803867340088,13.34609317779541,23.953575134277344,0
202,223,1741.637451171875,1028.849609375,9.064285278320312,19.47460174560547,165.88433837890625,0
203,224,1310.521240234375,1033.9119873046875,17.84830093383789,28.880659103393555,158.515869140625,1
204,225,1452.044921875,1029.822998046875,19.351665496826172,21.710187911987305,166.3721466064453,1
205,226,1801.98583984375,1050.6142578125,24.50199317932129,61.364349365234375,168.14976501464844,0
206,227,351.9959411621094,1027.2191162109375,14.528873443603516,25.92249870300293,173.40806579589844,1
207,229,908.9722290039062,1016.2041625976562,5.8437089920043945,6.819368839263916,140.19639587402344,1
208,230,936.0473022460938,1016.511474609375,8.400355339050293,11.66865062713623,20.458328247070312,1
209,231,1165.2586669921875,1036.3104248046875,53.60689163208008,106.77751922607422,88.54510498046875,1
210,232,1772.3861083984375,1016.3248901367188,14.809793472290039,23.056163787841797,8.765364646911621,0
211,233,840.8128662109375,1046.713134765625,64.67143249511719,89.33292388916016,165.00799560546875,1
212,234,501.3003845214844,1031.2890625,44.07478713989258,55.248023986816406,138.59170532226562,1
213,235,1483.057373046875,1007.3441162109375,10.291058540344238,14.219016075134277,109.9828872680664,1
214,236,635.7869873046875,1007.3553466796875,18.30040740966797,21.417417526245117,116.11592102050781,1
215,237,446.1103820800781,1019.641845703125,35.589725494384766,58.488807678222656,63.18104553222656,1
216,238,1367.10302734375,1008.4977416992188,18.08716583251953,36.290802001953125,120.5999526977539,1
217,239,688.0372314453125,1029.7054443359375,56.82020950317383,87.72208404541016,103.76043701171875,0
218,240,1659.3505859375,1008.6173095703125,13.961526870727539,37.69524002075195,133.36578369140625,1
219,241,761.017822265625,1012.9703979492188,38.93771743774414,43.00484848022461,156.6868438720703,1
220,242,1236.822265625,998.2184448242188,15.343684196472168,19.346633911132812,21.270238876342773,1
221,243,2008.000244140625,994.8497314453125,16.946048736572266,25.083091735839844,9.188482284545898,0
222,244,1744.7830810546875,995.60595703125,16.741289138793945,29.49116325378418,159.67190551757812,0
223,245,785.57958984375,985.284912109375,7.690540790557861,10.918660163879395,84.15616607666016,1
224,246,148.61778259277344,1011.6672973632812,49.880435943603516,59.91771697998047,57.63914489746094,0
225,247,942.8187866210938,986.5286865234375,9.899497032165527,15.813836097717285,139.48904418945312,1
226,248,765.402587890625,979.7792358398438,5.641291618347168,9.136630058288574,11.599295616149902,0
227,249,1608.73681640625,990.6370849609375,18.872512817382812,34.05751037597656,156.33575439453125,1
228,250,1795.8863525390625,981.6756591796875,17.755109786987305,28.56783676147461,127.09532928466797,0
229,251,775.10888671875,975.6950073242188,10.332587242126465,12.414145469665527,28.47264862060547,0
230,252,918.3009033203125,1007.6139526367188,41.08327865600586,83.7724380493164,139.73577880859375,1
231,253,634.7105102539062,972.8531494140625,17.986244201660156,34.57695770263672,104.04371643066406,1
232,254,1243.5721435546875,971.561767578125,10.144475936889648,19.11305046081543,10.953539848327637,1
233,255,1320.6505126953125,976.84423828125,21.114225387573242,46.34328079223633,136.18768310546875,1
234,256,1943.0665283203125,988.517333984375,20.916118621826172,95.78627014160156,160.5107879638672,0
235,257,133.90037536621094,963.7689208984375,27.222124099731445,29.47345542907715,91.54700469970703,0
236,258,1549.4769287109375,953.4671630859375,9.245317459106445,15.193241119384766,9.76823902130127,1
237,259,194.19590759277344,982.2760620117188,27.756122589111328,71.6019058227539,173.74598693847656,0
238,260,1644.548583984375,955.2256469726562,14.745283126831055,32.435543060302734,138.6011962890625,1
239,261,1591.7161865234375,954.2880859375,18.366201400756836,30.222980499267578,9.667776107788086,1
240,262,1518.205810546875,942.66748046875,7.3094801902771,9.611104965209961,142.6563720703125,1
241,263,1843.2940673828125,949.6453247070312,22.138782501220703,26.512775421142578,92.29835510253906,0
242,265,724.0311889648438,944.7279052734375,22.014081954956055,24.97873878479004,87.11839294433594,0
243,266,1.2972972393035889,940.1621704101562,6.538175582885742,8.788772583007812,170.78253173828125,0
244,267,1275.5125732421875,950.0489501953125,14.350290298461914,36.38541030883789,157.97906494140625,1
245,268,666.9826049804688,949.3853149414062,20.89436149597168,37.041622161865234,138.7507781982422,1
246,269,633.97021484375,940.8793334960938,13.294275283813477,23.720123291015625,99.13617706298828,1
247,270,53.388519287109375,941.5303955078125,4.803360939025879,17.044925689697266,161.56593322753906,0
248,271,1522.293701171875,952.6866455078125,26.390682220458984,40.66069793701172,159.87710571289062,1
249,272,1199.8218994140625,940.1911010742188,10.516013145446777,19.31526756286621,32.517974853515625,1
250,273,1917.54541015625,937.256591796875,18.404813766479492,19.58092498779297,87.70967102050781,0
251,274,302.8913879394531,941.0030517578125,20.493125915527344,42.05543518066406,114.28858184814453,1
252,275,2029.67333984375,957.8607177734375,55.97872543334961,97.64692687988281,120.04179382324219,0
253,277,968.3280639648438,927.018310546875,8.026803970336914,13.632460594177246,73.98661804199219,1
254,278,794.665771484375,958.1495971679688,68.71607971191406,102.77767181396484,100.11630249023438,0
255,279,702.6749877929688,925.2903442382812,17.93231201171875,21.487428665161133,157.7371826171875,1
256,280,1469.477783203125,928.1507568359375,18.71231460571289,34.26890182495117,139.39047241210938,1
257,281,161.38906860351562,931.9551391601562,30.41416358947754,48.896705627441406,118.49578094482422,0
258,282,1325.0926513671875,913.127685546875,6.809201240539551,10.120616912841797,92.42469024658203,1
259,283,681.0551147460938,910.6923828125,14.038188934326172,15.392862319946289,64.79371643066406,1
260,284,1.0266520977020264,913.045166015625,12.256714820861816,18.482213973999023,7.4301676750183105,0
261,285,1213.927978515625,916.1692504882812,19.49983024597168,45.5313720703125,117.36308288574219,1
262,286,860.6019897460938,902.4746704101562,6.079237937927246,7.47279167175293,26.234521865844727,1
263,287,840.0369873046875,915.2435302734375,10.501260757446289,31.67676544189453,167.70834350585938,0
264,288,661.2062377929688,914.0541381835938,18.058435440063477,35.42066192626953,154.84426879882812,1
265,289,1115.784423828125,933.6908569335938,66.30912017822266,124.3001937866211,86.1959228515625,1
266,290,1557.35888671875,907.2688598632812,17.98798370361328,34.81328582763672,13.394938468933105,1
267,292,797.9739990234375,886.4742431640625,11.048295021057129,12.909610748291016,73.94175720214844,1
268,293,325.0211181640625,899.520751953125,18.007186889648438,47.18244552612305,151.16297912597656,1
269,294,1875.2059326171875,894.1543579101562,21.266761779785156,36.90685272216797,165.96734619140625,0
270,295,1460.3985595703125,878.2804565429688,5.876121520996094,10.16834545135498,9.217473983764648,1
271,296,1525.0335693359375,891.8294067382812,17.683671951293945,43.87342071533203,149.7657012939453,0
272,297,371.41571044921875,939.5221557617188,48.62775421142578,129.39967346191406,162.3048553466797,1
273,298,1927.8614501953125,873.8614501953125,8.465947151184082,8.591875076293945,135.0,0
274,299,1967.058837890625,887.6725463867188,17.363088607788086,41.45889663696289,24.750072479248047,0
275,300,252.72616577148438,894.6626586914062,44.682891845703125,51.82295227050781,7.615880966186523,0
276,301,168.015869140625,894.0935668945312,18.687755584716797,51.978485107421875,27.25166130065918,0
277,303,1164.7957763671875,880.4627685546875,16.488449096679688,39.378631591796875,143.73193359375,1
278,304,792.38037109375,871.584716796875,16.933523178100586,41.69493103027344,67.64418029785156,1
279,305,1117.5458984375,882.1557006835938,24.11054801940918,50.992916107177734,133.21539306640625,1
280,306,2009.8463134765625,875.8152465820312,20.28220558166504,34.82561492919922,176.53350830078125,0
281,307,1927.9434814453125,872.6832275390625,20.38225746154785,28.037883758544922,177.84823608398438,0
282,308,1345.3077392578125,862.6923217773438,8.047198295593262,8.748226165771484,135.0,1
283,309,1654.1650390625,887.4699096679688,25.310592651367188,52.3266716003418,175.8088836669922,0
284,310,1775.2811279296875,863.344482421875,12.87463092803955,25.027942657470703,177.64952087402344,0
285,311,1065.4169921875,878.56103515625,25.45718765258789,54.243408203125,142.3327178955078,1
286,312,1387.9107666015625,880.0828857421875,26.644031524658203,60.78338623046875,138.4936065673828,1
287,313,177.32345581054688,853.3262329101562,10.263493537902832,10.857020378112793,133.8650665283203,1
288,314,854.415771484375,850.7862548828125,8.322854042053223,13.078902244567871,104.87368774414062,1
289,316,1129.6163330078125,855.904052734375,18.977005004882812,36.35260009765625,134.95956420898438,1
290,317,564.2709350585938,862.2396240234375,15.334650039672852,41.3425178527832,160.8498992919922,1
291,318,1220.5675048828125,857.3922729492188,20.120925903320312,39.982765197753906,7.465832710266113,1
292,319,454.53192138671875,912.3384399414062,57.253971099853516,138.99154663085938,158.7066192626953,1
293,320,638.8463745117188,842.4243774414062,6.880132675170898,10.29750919342041,114.4703369140625,0
294,321,368.2778015136719,847.5252075195312,18.2578125,23.04896354675293,49.44166564941406,0
295,323,99.34077453613281,856.153564453125,24.102632522583008,48.782981872558594,143.202392578125,0
296,324,1439.85009765625,862.6839599609375,16.581069946289062,67.65557098388672,172.2985076904297,1
297,325,592.47216796875,843.1552124023438,15.76479721069336,21.978605270385742,9.931147575378418,0
298,327,1686.7452392578125,838.7620239257812,20.38079261779785,23.607646942138672,100.0560073852539,0
299,328,1283.696044921875,835.8267211914062,13.389983177185059,16.71143341064453,151.4545440673828,1
300,329,874.0949096679688,839.3803100585938,17.584562301635742,23.64132308959961,160.11874389648438,0
301,330,214.380126953125,856.6176147460938,34.71183776855469,71.90995025634766,48.24906539916992,1
302,331,520.2970581054688,871.2608032226562,61.760047912597656,78.2588119506836,147.28700256347656,0
303,332,403.96002197265625,837.2150268554688,18.608240127563477,32.097049713134766,163.12840270996094,0
304,334,1351.5333251953125,834.1527099609375,24.954803466796875,39.04674530029297,110.83329010009766,1
305,335,1125.754150390625,826.1578979492188,7.715517044067383,14.124602317810059,4.948187828063965,1
306,337,1590.3177490234375,832.9024658203125,14.399740219116211,37.72431564331055,150.6886444091797,1
307,338,1193.1265869140625,821.9130249023438,10.003111839294434,12.529825210571289,56.420738220214844,1
308,339,981.0004272460938,827.4492797851562,14.885183334350586,31.279422760009766,119.29578399658203,1
309,340,2089.179931640625,859.2669067382812,36.918636322021484,74.40139770507812,178.69151306152344,0
310,341,294.00811767578125,846.3092651367188,52.811161041259766,59.719486236572266,81.94792175292969,1
311,342,1471.380859375,842.4287109375,21.269594192504883,72.55631256103516,148.20315551757812,1
312,343,711.4784545898438,858.0216674804688,37.133445739746094,83.44097137451172,11.993389129638672,0
313,344,1053.52880859375,814.8931274414062,7.621971607208252,9.915355682373047,175.33865356445312,1
314,345,1292.5765380859375,818.2232666015625,14.03364372253418,17.34967803955078,1.470924735069275,1
315,346,1814.07861328125,817.4158325195312,22.504594802856445,22.81415367126465,12.746464729309082,0
316,347,1783.4327392578125,815.586669921875,9.812471389770508,20.709991455078125,172.71054077148438,0
317,348,816.12939453125,809.059326171875,6.758479118347168,8.112987518310547,84.81950378417969,1
318,349,1720.6956787109375,806.8836669921875,7.457184314727783,15.301592826843262,137.98699951171875,0
319,350,1257.6383056640625,811.1103515625,14.938542366027832,32.589412689208984,122.7396240234375,1
320,351,976.10693359375,843.9738159179688,34.48637390136719,125.68627166748047,128.15809631347656,0
321,352,1058.864013671875,797.874267578125,4.487781524658203,7.697624683380127,144.0790557861328,1
322,353,1924.449462890625,811.8638305664062,13.930054664611816,38.653564453125,173.19476318359375,0
323,354,1733.9189453125,821.7105102539062,38.19916915893555,62.8072509765625,133.20066833496094,0
324,355,248.68849182128906,799.9484252929688,14.195303916931152,18.080646514892578,111.32102966308594,0
325,356,2022.5382080078125,812.96484375,13.544999122619629,42.946170806884766,152.4520263671875,0
326,357,641.6798706054688,804.1943969726562,25.310457229614258,30.45322036743164,53.22863006591797,0
327,358,1675.586669921875,805.4566650390625,37.81350326538086,52.96627426147461,62.2809944152832,1
328,359,120.14688873291016,811.5543212890625,23.447813034057617,69.89398956298828,176.61163330078125,0
329,360,410.6593933105469,804.96337890625,24.81510353088379,69.35577392578125,141.0706024169922,0
330,361,370.8122253417969,796.2063598632812,19.54425811767578,33.1472053527832,166.51417541503906,0
331,362,1072.1380615234375,818.0595703125,48.943172454833984,79.04521942138672,149.35728454589844,1
332,363,458.0394592285156,799.05908203125,19.131244659423828,53.828678131103516,167.1506805419922,0
333,364,1821.150146484375,785.46435546875,17.91484832763672,24.7264461517334,107.26327514648438,0
334,365,1654.3153076171875,787.792724609375,20.7518367767334,22.08467674255371,24.27433967590332,1
335,366,1777.9312744140625,804.650146484375,21.446012496948242,65.40226745605469,152.4765167236328,0
336,367,1037.78369140625,781.2024536132812,6.873424530029297,13.221132278442383,149.7682647705078,1
337,368,1895.502685546875,793.9390869140625,13.768898010253906,42.41061782836914,166.87278747558594,0
338,369,1962.3031005859375,797.8846435546875,25.892335891723633,60.069522857666016,156.04063415527344,0
339,370,1862.5377197265625,785.235595703125,23.492801666259766,32.46998977661133,8.522897720336914,0
340,371,1394.5050048828125,787.8280639648438,29.423072814941406,56.10850524902344,109.94152069091797,1
341,372,1263.3331298828125,775.4265747070312,13.496192932128906,18.14133644104004,88.99002075195312,1
342,373,506.5127868652344,788.0003051757812,34.36172103881836,51.751060485839844,64.416748046875,0
343,374,1017.0753173828125,789.7739868164062,19.655366897583008,40.56759262084961,3.0665440559387207,1
344,375,742.239501953125,783.1353759765625,28.39512825012207,30.318044662475586,34.81613540649414,0
345,376,679.4642944335938,779.117431640625,22.71013832092285,25.82904052734375,125.29754638671875,1
346,377,1659.98779296875,767.3156127929688,7.896576881408691,13.440455436706543,135.078857421875,1
347,378,172.7310028076172,776.6787719726562,15.233302116394043,33.797035217285156,172.65335083007812,0
348,379,210.8362579345703,790.7499389648438,26.227678298950195,64.37994384765625,1.9498956203460693,1
349,381,891.2054443359375,778.7271118164062,27.03544807434082,37.926326751708984,178.34454345703125,0
350,382,551.15234375,765.0863037109375,18.680416107177734,23.517969131469727,0.9277644753456116,0
351,383,1641.381591796875,755.297119140625,8.792404174804688,12.641098022460938,109.12771606445312,1
352,384,2042.7349853515625,752.3551025390625,9.680848121643066,10.275891304016113,152.75502014160156,0
353,385,1977.1083984375,754.976318359375,13.104567527770996,21.621902465820312,27.773906707763672,0
354,386,863.0180053710938,749.4375,7.827965259552002,12.77512264251709,126.61705780029297,0
355,387,836.5715942382812,754.8258056640625,16.985698699951172,33.31898880004883,126.28621673583984,0
356,388,100.47819519042969,747.799560546875,6.56419563293457,12.621206283569336,20.428375244140625,0
357,389,1092.10546875,751.5702514648438,15.538942337036133,25.199186325073242,7.445134162902832,1
358,390,375.6253356933594,752.6365966796875,39.457637786865234,51.54216003417969,97.9067611694336,0
359,391,1386.9188232421875,739.5537109375,5.992146015167236,14.832581520080566,9.455828666687012,1
360,392,2097.450927734375,742.21044921875,13.4034423828125,17.423656463623047,11.800110816955566,0
361,393,1439.9178466796875,748.2433471679688,16.87656593322754,39.11345291137695,142.9536895751953,1
362,394,1807.4580078125,749.963134765625,20.897062301635742,35.30464172363281,170.83213806152344,0
363,395,1365.5543212890625,746.1094970703125,19.200946807861328,36.126888275146484,135.70687866210938,0
364,397,901.3687133789062,744.97802734375,19.674766540527344,59.38748550415039,112.08269500732422,0
365,398,720.4010009765625,742.6472778320312,14.17715835571289,33.439945220947266,135.97726440429688,0
366,399,451.140869140625,747.7415161132812,28.978858947753906,40.58256149291992,132.4397430419922,1
367,400,1329.1273193359375,748.1360473632812,17.592517852783203,39.25456237792969,165.07513427734375,0
368,401,310.0682373046875,762.0713500976562,61.23353958129883,74.89151763916016,156.4822540283203,1
369,402,1949.4451904296875,743.2132568359375,18.421377182006836,35.27515411376953,164.1720733642578,0
370,403,1765.1776123046875,733.45703125,10.954692840576172,38.24889373779297,164.308837890625,0
371,404,1736.10009765625,739.0540771484375,23.438270568847656,48.686439514160156,153.10140991210938,0
372,405,570.73583984375,732.7782592773438,17.67890739440918,33.61570358276367,164.6197052001953,0
373,406,1394.8931884765625,735.2122192382812,34.538265228271484,44.39622116088867,147.2767333984375,1
374,407,215.5345916748047,724.5075073242188,15.698016166687012,38.633758544921875,71.40946197509766,0
375,408,1837.326904296875,738.0758056640625,19.293123245239258,63.38550567626953,134.41334533691406,0
376,409,1583.5714111328125,734.0380249023438,23.181730270385742,50.116390228271484,166.71958923339844,1
377,410,1501.5999755859375,733.5715942382812,22.373146057128906,55.526180267333984,154.17742919921875,1
378,411,726.5961303710938,716.0771484375,18.66749382019043,22.629560470581055,68.45079803466797,0
379,412,1377.137939453125,709.9193115234375,10.316725730895996,15.26430606842041,80.40310668945312,1
380,414,1117.7799072265625,720.3580322265625,30.09554100036621,35.78110885620117,29.64781379699707,1
381,415,424.1095886230469,714.1253051757812,22.034727096557617,43.3684196472168,29.047937393188477,0
382,416,487.25152587890625,718.3582153320312,34.96916961669922,59.260677337646484,163.88059997558594,0
383,417,300.2308654785156,697.6522216796875,9.3764009475708,12.809406280517578,38.91865539550781,1
384,418,255.1619415283203,706.9815673828125,15.28673267364502,33.38992691040039,23.212657928466797,0
385,419,355.8373107910156,706.4172973632812,21.88566780090332,34.50870132446289,149.9232940673828,0
386,420,536.72265625,709.97314453125,23.71217918395996,54.91215515136719,16.13576889038086,1
387,422,135.71377563476562,723.4252319335938,52.941070556640625,85.13602447509766,123.2478256225586,0
388,423,2080.447998046875,699.0948486328125,17.649858474731445,39.18996047973633,162.2046356201172,0
389,424,972.1592407226562,737.3983154296875,95.33751678466797,97.11714935302734,22.927934646606445,1
390,425,513.9027099609375,686.0462036132812,10.358821868896484,11.792198181152344,142.9329376220703,1
391,427,54.74163818359375,749.0968017578125,80.47195434570312,123.19129943847656,6.894445419311523,0
392,429,1259.594482421875,711.7899169921875,34.692508697509766,81.25003814697266,138.2125244140625,0
393,430,205.34523010253906,681.346435546875,15.361634254455566,18.1885929107666,94.69131469726562,0
394,431,1264.2874755859375,676.42529296875,6.414363384246826,17.527687072753906,105.9188003540039,0
395,432,566.7897338867188,681.022705078125,12.856346130371094,22.317039489746094,137.75657653808594,0
396,433,10.463021278381348,675.8408813476562,6.837846755981445,8.437174797058105,29.345190048217773,0
397,434,1444.5570068359375,694.101318359375,30.055082321166992,47.28903579711914,134.28225708007812,1
398,435,1656.17529296875,681.6458740234375,15.795397758483887,24.7490234375,10.668599128723145,0
399,436,1176.8739013671875,745.7076416015625,83.49962615966797,146.49017333984375,163.91001892089844,1
400,437,236.46104431152344,677.6241455078125,16.765869140625,21.558170318603516,12.053340911865234,0
401,438,1103.3226318359375,671.1346435546875,12.526361465454102,17.831722259521484,12.776527404785156,1
402,440,893.76025390625,700.476318359375,30.19156837463379,71.19361114501953,141.81065368652344,1
403,441,420.80194091796875,674.841796875,26.17681121826172,30.649169921875,40.39253616333008,0
404,442,312.125244140625,673.765869140625,24.71672248840332,50.87606430053711,83.1466293334961,0
405,443,442.4547119140625,664.8667602539062,10.932823181152344,16.65778923034668,1.9392659664154053,0
406,444,2032.9071044921875,688.48583984375,24.856027603149414,68.5442123413086,175.74676513671875,0
407,445,718.40478515625,670.1192016601562,13.716434478759766,43.2460823059082,141.105224609375,0
408,446,152.4295196533203,669.993896484375,18.395227432250977,29.78207778930664,174.0734100341797,0
409,448,899.9862670898438,667.0712890625,21.756765365600586,37.38860321044922,146.06173706054688,1
410,449,205.23712158203125,657.5604248046875,14.342643737792969,16.295988082885742,15.346985816955566,0
411,450,1595.9295654296875,673.4378051757812,20.020084381103516,66.96041107177734,133.11439514160156,1
412,451,795.201904296875,655.8179321289062,12.79238224029541,16.262495040893555,173.2438201904297,0
413,452,1623.86767578125,652.9821166992188,21.775924682617188,34.20667266845703,97.97122955322266,1
414,453,1367.146728515625,650.68505859375,13.753727912902832,20.350412368774414,111.52702331542969,1
415,454,1066.3282470703125,663.722900390625,26.800756454467773,57.93539810180664,174.38177490234375,1
416,455,1011.0529174804688,666.509521484375,29.74453353881836,55.7105712890625,47.91225051879883,0
417,456,1324.81640625,670.8237915039062,33.93737030029297,72.75943756103516,129.2574462890625,0
418,457,1263.6181640625,649.0136108398438,14.942586898803711,24.764284133911133,81.76051330566406,0
419,458,370.1214904785156,659.075439453125,38.78963088989258,55.798973083496094,126.46468353271484,0
420,460,1769.981201171875,673.2321166992188,19.202919006347656,80.57356262207031,175.0117950439453,0
421,461,1466.9661865234375,641.7422485351562,18.463651657104492,47.07552719116211,88.90972900390625,0
422,462,173.1656494140625,641.1213989257812,16.996231079101562,25.491823196411133,29.196805953979492,0
423,463,312.14630126953125,643.0919799804688,22.750364303588867,29.910808563232422,38.075233459472656,1
424,464,1656.5902099609375,637.3206787109375,23.207923889160156,27.521459579467773,164.00253295898438,1
425,465,208.6748046875,630.3707275390625,15.171560287475586,25.280906677246094,99.78823852539062,0
426,466,326.8484191894531,627.6456298828125,8.780282974243164,15.353692054748535,150.5782470703125,1
427,467,234.36398315429688,634.7603149414062,14.280742645263672,35.5352783203125,137.0858917236328,1
428,468,1859.1387939453125,634.4151611328125,16.230300903320312,34.88203048706055,179.82957458496094,0
429,469,1427.9488525390625,621.0470581054688,7.1824541091918945,7.735357284545898,149.5675506591797,0
430,471,6.496035575866699,677.1309204101562,50.33488082885742,124.17695617675781,171.21435546875,0
431,472,2004.13623046875,626.8111572265625,16.413972854614258,25.074100494384766,138.0951690673828,0
432,473,1793.751953125,630.666259765625,18.750146865844727,38.723838806152344,130.31668090820312,0
433,474,1531.109619140625,630.2671508789062,15.90183162689209,36.04405212402344,161.2822265625,1
434,476,1425.2076416015625,627.365966796875,25.475082397460938,36.70881271362305,87.98725891113281,0
435,477,1369.348388671875,625.6221313476562,21.85978889465332,50.2900505065918,104.99966430664062,0
436,478,857.625,615.25,4.517641544342041,7.747800827026367,109.32990264892578,1
437,479,1726.24072265625,653.218017578125,38.85361862182617,81.53897857666016,174.65084838867188,0
438,481,681.57470703125,630.9136352539062,31.88556480407715,59.4080696105957,125.94883728027344,0
439,482,1332.302490234375,611.1343994140625,8.04146671295166,12.680123329162598,62.97484588623047,0
440,483,630.199462890625,616.225341796875,16.02403450012207,32.19952392578125,116.6577377319336,1
441,485,1141.1641845703125,634.122314453125,47.40629577636719,59.24202346801758,44.13878631591797,1
442,486,546.9760131835938,607.6945190429688,11.850112915039062,33.503456115722656,76.7518081665039,1
443,487,280.42022705078125,618.7946166992188,31.40438461303711,40.56179428100586,106.35974884033203,0
444,489,598.822265625,613.6387939453125,16.119285583496094,34.5391731262207,160.15623474121094,1
445,490,225.50233459472656,607.0256958007812,18.398540496826172,66.14775085449219,102.1646499633789,0
446,491,139.03982543945312,600.303955078125,11.99411392211914,15.976367950439453,126.01940155029297,0
447,492,610.4212036132812,595.5333862304688,8.039092063903809,17.366615295410156,105.54324340820312,1
448,493,1789.4334716796875,599.367919921875,9.04117488861084,20.093753814697266,170.35580444335938,1
449,494,97.38185119628906,624.3793334960938,51.71992874145508,71.27845001220703,24.639842987060547,0
450,495,951.7639770507812,601.3187255859375,20.82393455505371,26.298810958862305,145.29603576660156,0
451,496,2105.12841796875,600.7804565429688,12.65485668182373,26.695960998535156,6.079792022705078,0
452,497,826.15673828125,617.129150390625,51.97587203979492,74.78504943847656,94.2773208618164,0
453,498,1887.2032470703125,586.6080932617188,11.477441787719727,15.65257453918457,71.0086669921875,0
454,499,1829.6759033203125,600.393798828125,10.248442649841309,44.69080352783203,158.18670654296875,0
455,500,1000.3656005859375,617.4124755859375,61.48316192626953,99.55049896240234,97.66194915771484,1
456,501,1102.4775390625,606.7996826171875,45.2929573059082,58.02650451660156,10.667530059814453,1
457,502,358.8843688964844,588.2887573242188,18.941444396972656,28.443500518798828,47.606483459472656,0
458,503,542.4468383789062,578.57958984375,14.39683723449707,21.312171936035156,151.46734619140625,1
459,504,1232.6688232421875,602.8400268554688,41.51536178588867,63.31742858886719,27.74945068359375,0
460,505,660.8858032226562,580.0255126953125,19.820817947387695,36.22117614746094,125.34239196777344,0
461,507,452.0628662109375,616.5834350585938,83.85633087158203,112.40045928955078,118.71979522705078,1
462,508,1277.2325439453125,599.5088500976562,24.841976165771484,73.05677795410156,152.8157501220703,0
463,509,103.12214660644531,579.6302490234375,21.41128921508789,34.889190673828125,175.00103759765625,0
464,510,1618.4344482421875,576.5537719726562,20.83538818359375,37.71406173706055,6.700139999389648,1
465,511,725.5013427734375,608.5333251953125,54.295692443847656,114.92339324951172,147.65956115722656,1
466,512,1472.469482421875,569.0463256835938,24.485116958618164,28.471927642822266,120.75239562988281,1
467,513,1293.8681640625,561.1480102539062,7.329651832580566,12.817659378051758,151.2986602783203,0
468,514,1697.83837890625,554.7062377929688,5.691028594970703,6.729120254516602,98.2311019897461,1
469,515,1025.1055908203125,570.5913696289062,37.756309509277344,50.18902587890625,96.10224914550781,1
470,516,673.6678466796875,555.7793579101562,10.219156265258789,12.575316429138184,169.65895080566406,1
471,517,1888.1688232421875,560.5264892578125,13.493059158325195,24.02996063232422,161.26329040527344,0
472,518,1085.0179443359375,558.4487915039062,20.299942016601562,25.77241325378418,141.47555541992188,1
473,519,1936.775146484375,553.0985717773438,22.206613540649414,27.127307891845703,155.72891235351562,0
474,520,1697.0888671875,556.0575561523438,25.04613494873047,33.5859260559082,165.76205444335938,0
475,521,988.6922607421875,547.786865234375,12.884793281555176,18.69565200805664,126.95418548583984,1
476,522,625.4075927734375,553.4663696289062,17.609399795532227,41.35258102416992,122.27139282226562,1
477,523,1226.777099609375,552.237548828125,22.994657516479492,28.9668025970459,128.0208282470703,0
478,524,891.4177856445312,573.6430053710938,38.56789779663086,71.82394409179688,143.2659149169922,0
479,525,389.0465393066406,557.40576171875,26.67185401916504,38.47705078125,171.13792419433594,0
480,526,1979.3382568359375,554.2733154296875,16.699663162231445,39.0834846496582,169.1267852783203,0
481,527,1325.3553466796875,540.8367309570312,14.630273818969727,22.67484474182129,116.44441223144531,1
482,528,766.2388916015625,570.4469604492188,29.986995697021484,89.72894287109375,143.93885803222656,0
483,529,489.7758483886719,535.0718383789062,7.668735504150391,12.428669929504395,12.835110664367676,1
484,530,866.8568115234375,533.0863647460938,8.169806480407715,14.331612586975098,12.805586814880371,1
485,531,1372.5,528.0,6.363961219787598,9.0,90.0,1
486,532,1399.294189453125,573.1260986328125,70.26602935791016,147.82485961914062,97.35811614990234,1
487,534,1393.343017578125,521.73876953125,8.067252159118652,8.669004440307617,140.65496826171875,1
488,535,1267.0443115234375,533.2885131835938,30.676809310913086,56.191688537597656,81.7085189819336,1
489,536,1183.94580078125,556.2218017578125,41.6510009765625,76.30703735351562,174.9457244873047,0
490,537,1069.3721923828125,527.88525390625,16.68700408935547,27.458471298217773,14.340289115905762,1
491,538,654.2731323242188,531.0078125,24.918737411499023,65.71500396728516,104.86592864990234,0
492,539,288.5966491699219,550.837158203125,55.424896240234375,100.1888198852539,111.12847900390625,0
493,540,1491.8297119140625,520.8327026367188,11.528925895690918,13.397747039794922,133.9329071044922,1
494,541,1838.8489990234375,544.8587036132812,14.27029800415039,68.29572296142578,166.90357971191406,0
495,542,482.1273193359375,545.4920043945312,52.515254974365234,85.79338836669922,38.783424377441406,0
496,543,2049.58251953125,521.9910888671875,18.23685646057129,32.056739807128906,1.0730191469192505,0
497,544,694.2194213867188,512.0640258789062,9.935873031616211,15.282204627990723,111.12095642089844,1
498,545,862.1654052734375,516.6981811523438,23.709020614624023,46.64244079589844,87.83203125,1
499,546,2095.60791015625,525.04248046875,17.986419677734375,58.493370056152344,161.69085693359375,0
500,547,422.4341735839844,520.10400390625,36.94491958618164,51.24103927612305,145.6260528564453,0
501,548,290.0636291503906,511.41033935546875,12.80823040008545,21.240890502929688,18.040578842163086,0
502,549,1598.524658203125,529.8646850585938,23.276081085205078,50.57163619995117,170.7722625732422,1
503,550,1805.07275390625,523.33154296875,21.01976776123047,55.66303634643555,169.647705078125,0
504,551,972.9085693359375,515.3701171875,19.672882080078125,39.11083984375,150.94378662109375,0
505,552,935.1203002929688,536.0718383789062,32.10126495361328,85.32012939453125,148.61502075195312,0
506,553,622.5234985351562,495.04254150390625,9.723435401916504,10.665565490722656,171.9598846435547,0
507,554,561.563232421875,526.7321166992188,52.573184967041016,82.5943374633789,8.638660430908203,1
508,555,1329.0,492.20001220703125,9.696646690368652,13.633355140686035,114.00639343261719,1
509,556,1778.335693359375,490.1690979003906,6.566772937774658,7.622268199920654,79.24700927734375,0
510,558,-2.5366458892822266,503.2481994628906,22.714731216430664,36.70130920410156,167.88363647460938,0
511,559,1077.056396484375,501.1905212402344,24.079309463500977,41.65496063232422,73.4642562866211,1
512,560,1415.85400390625,489.3519287109375,10.725049018859863,17.556514739990234,72.75531005859375,1
513,561,1130.91357421875,507.9163818359375,41.57733154296875,49.63869857788086,88.57270050048828,1
514,562,1644.9444580078125,494.4033508300781,26.249984741210938,40.767642974853516,88.87522888183594,0
515,563,2037.0064697265625,492.8557434082031,19.085140228271484,29.95033073425293,25.610204696655273,0
516,564,1250.031005859375,495.0883483886719,19.539018630981445,44.03819274902344,137.7959442138672,1
517,565,1302.477783203125,484.109130859375,8.964961051940918,20.152286529541016,112.3155746459961,1
518,566,231.0476837158203,500.4802551269531,42.788055419921875,75.61729431152344,85.6662368774414,0
519,568,421.4507751464844,480.13153076171875,5.729842662811279,8.685123443603516,45.91568374633789,1
520,570,472.01458740234375,491.02191162109375,24.567703247070312,36.9171257019043,155.9652557373047,0
521,571,2080.944580078125,484.5914306640625,21.187318801879883,25.339885711669922,12.60448932647705,0
522,572,1358.7681884765625,489.7197570800781,30.308361053466797,41.316890716552734,86.2178955078125,1
523,573,702.476806640625,487.3418273925781,20.356220245361328,45.409271240234375,144.3245086669922,0
524,574,421.5959167480469,483.34417724609375,22.493385314941406,26.031591415405273,140.0548858642578,0
525,575,521.8807983398438,473.13629150390625,8.647199630737305,19.684036254882812,105.03960418701172,0
526,576,1780.760498046875,484.0544128417969,22.39182472229004,35.52556610107422,169.24298095703125,0
527,577,779.3902587890625,518.96337890625,33.33003234863281,116.44824981689453,141.75460815429688,0
528,578,1965.8157958984375,489.0888366699219,15.227736473083496,48.8396110534668,160.1802520751953,0
529,579,1894.2271728515625,475.6017150878906,20.0111026763916,27.97817611694336,131.27545166015625,0
530,580,64.7297592163086,475.5450134277344,15.369160652160645,26.329208374023438,1.6226869821548462,0
531,581,1524.562744140625,474.103515625,9.216713905334473,21.414655685424805,175.11102294921875,1
532,583,2006.1051025390625,467.952392578125,14.801602363586426,21.37406349182129,173.1832733154297,0
533,584,1215.679443359375,462.5086364746094,10.289469718933105,21.362131118774414,127.7055892944336,0
534,585,308.56536865234375,456.3887939453125,6.864254474639893,11.838089942932129,157.92173767089844,0
535,586,903.7008666992188,453.9285888671875,8.22203540802002,21.027700424194336,95.85346984863281,1
536,587,348.2247314453125,486.4366760253906,57.73006057739258,81.77205657958984,66.50101470947266,1
537,589,1342.604248046875,455.35443115234375,15.57828140258789,24.195545196533203,153.87391662597656,1
538,590,1104.3189697265625,455.8304138183594,16.701526641845703,36.14286804199219,174.22935485839844,0
539,591,986.3113403320312,477.84454345703125,59.47773742675781,99.82344055175781,116.54634094238281,0
540,593,297.6662292480469,443.40802001953125,13.29223918914795,25.317495346069336,105.0170669555664,1
541,594,1582.587158203125,460.9296569824219,29.60369300842285,46.064064025878906,2.44039249420166,1
542,595,1951.8179931640625,443.9835510253906,14.633587837219238,18.072315216064453,176.10183715820312,0
543,596,762.1040649414062,447.437255859375,23.04404640197754,29.406267166137695,123.99119567871094,1
544,597,2079.89013671875,445.25164794921875,23.9146671295166,28.954288482666016,129.7382049560547,0
545,598,1068.6910400390625,450.9551086425781,18.477230072021484,42.49952697753906,144.01837158203125,1
546,599,1851.408203125,451.3403015136719,11.11214828491211,38.0588264465332,174.28750610351562,0
547,600,638.5894775390625,469.62994384765625,65.27628326416016,106.13851928710938,117.07072448730469,0
548,601,1414.19091796875,433.2520751953125,5.9310712814331055,7.645036220550537,157.7757110595703,1
549,602,1025.784912109375,438.60205078125,11.058402061462402,35.062110900878906,105.20220184326172,0
550,603,889.0850219726562,439.8255615234375,19.410812377929688,20.598865509033203,126.67005157470703,1
551,604,1131.2681884765625,440.2159118652344,18.01641273498535,22.211292266845703,147.4495086669922,0
552,605,1075.405029296875,432.570068359375,8.064985275268555,12.586248397827148,83.14652252197266,1
553,606,808.9776000976562,460.20867919921875,37.95460510253906,73.17876434326172,156.66818237304688,1
554,607,1266.7728271484375,428.6263122558594,6.925826549530029,7.622089385986328,31.16864776611328,1
555,608,370.86553955078125,437.4367980957031,18.732772827148438,54.609405517578125,109.28671264648438,0
556,609,146.21145629882812,433.64093017578125,11.861617088317871,18.09629249572754,144.14892578125,0
557,611,700.433349609375,440.4816589355469,27.950841903686523,44.94881820678711,80.27203369140625,1
558,612,425.21441650390625,436.0378723144531,28.994741439819336,36.483314514160156,111.55133056640625,0
559,613,2037.53759765625,445.2931823730469,23.771827697753906,54.13679504394531,0.7410873174667358,0
560,614,522.4307861328125,438.85302734375,22.293245315551758,61.473968505859375,126.16349029541016,0
561,615,187.24591064453125,433.34698486328125,25.472030639648438,27.6664981842041,11.415647506713867,1
562,616,1756.777587890625,422.84136962890625,24.053691864013672,31.35953140258789,56.40221405029297,0
563,617,1413.3182373046875,428.0450439453125,21.164377212524414,37.72172927856445,9.773722648620605,1
564,618,1088.3172607421875,417.02838134765625,14.44930648803711,19.225133895874023,21.425960540771484,1
565,619,653.3443603515625,416.5827331542969,9.19437026977539,18.28794288635254,23.002450942993164,0
566,621,1130.475341796875,412.46490478515625,6.586535930633545,13.891691207885742,17.911945343017578,1
567,622,1337.2509765625,422.94580078125,28.88081932067871,40.396121978759766,64.55247497558594,1
568,623,341.5544738769531,409.4131164550781,7.271018028259277,8.644847869873047,134.07620239257812,0
569,624,1037.873291015625,411.4609375,11.512722969055176,18.086885452270508,57.381343841552734,0
570,625,579.01318359375,409.201904296875,9.620728492736816,21.02325439453125,86.2278060913086,0
571,626,163.60528564453125,416.46844482421875,16.595117568969727,28.741863250732422,169.3774871826172,0
572,627,1693.963623046875,421.3414001464844,42.33258056640625,46.82340621948242,110.65104675292969,0
573,629,94.07843780517578,423.8713684082031,31.890153884887695,79.61536407470703,126.00762176513672,0
574,630,927.69384765625,419.08050537109375,52.307044982910156,76.58197021484375,96.77145385742188,1
575,631,992.061279296875,408.2347106933594,26.802261352539062,35.41972351074219,144.14756774902344,1
576,632,796.5,393.5,5.6163787841796875,9.972018241882324,168.0187530517578,1
577,633,1836.235107421875,396.0267028808594,17.653913497924805,21.176361083984375,112.31749725341797,0
578,634,623.8099365234375,398.0223693847656,20.221168518066406,46.27882385253906,77.45281982421875,0
579,635,987.6751708984375,387.8386535644531,7.031782627105713,16.102237701416016,96.32913970947266,1
580,636,826.7687377929688,394.1963806152344,9.922669410705566,20.25711441040039,176.6931610107422,1
581,637,1671.9576416015625,387.6954345703125,8.555343627929688,12.19168472290039,125.30989837646484,1
582,638,42.018611907958984,429.54388427734375,69.92456817626953,100.7573013305664,147.5634765625,0
583,639,319.6852111816406,394.864501953125,19.633472442626953,55.99421310424805,59.7253303527832,1
584,640,1530.7191162109375,394.14849853515625,15.587688446044922,35.25669479370117,157.93019104003906,1
585,641,1385.412841796875,392.6954650878906,22.250755310058594,38.43117904663086,132.234619140625,1
586,642,148.41854858398438,387.4687194824219,23.130184173583984,30.022207260131836,36.718048095703125,0
587,643,50.04305648803711,379.04730224609375,16.2309513092041,25.142253875732422,92.49921417236328,0
588,644,1692.943115234375,375.83673095703125,22.61102867126465,25.053451538085938,55.834747314453125,1
589,645,1746.0699462890625,382.2662048339844,29.953163146972656,45.68206787109375,171.87765502929688,0
590,646,1101.32421875,386.0459899902344,32.6905517578125,56.89487838745117,168.94815063476562,1
591,647,656.4912719726562,372.2980041503906,17.04747772216797,33.00315856933594,146.19357299804688,0
592,648,959.5991821289062,357.96783447265625,5.819830894470215,17.00801658630371,83.12300109863281,1
593,649,1776.3046875,361.19915771484375,6.012773513793945,18.880403518676758,9.05734920501709,0
594,650,781.3944702148438,356.53692626953125,6.37089729309082,7.95474100112915,139.2332000732422,1
595,651,1007.3322143554688,352.9765930175781,6.5145697593688965,9.692386627197266,99.70653533935547,1
596,652,1071.8931884765625,354.8398132324219,10.474869728088379,13.613625526428223,136.21559143066406,1
597,653,2106.1083984375,362.0880126953125,17.037092208862305,28.294790267944336,176.27549743652344,0
598,654,1587.96875,365.2088928222656,16.792919158935547,39.613765716552734,142.27122497558594,0
599,656,96.6618423461914,363.50341796875,37.304962158203125,39.00677490234375,178.22532653808594,0
600,657,279.6629638671875,351.64300537109375,12.254231452941895,21.793188095092773,116.00567626953125,1
601,658,1474.862060546875,346.72174072265625,7.444415092468262,15.032113075256348,60.59269332885742,0
602,659,966.714111328125,346.14129638671875,6.632116317749023,12.673409461975098,155.25970458984375,1
603,660,1911.144775390625,343.91461181640625,8.898297309875488,10.527831077575684,7.272634983062744,0
604,661,401.2035217285156,376.2540588378906,36.52777099609375,85.1820068359375,29.05658721923828,0
605,662,1948.0982666015625,348.5784606933594,19.78676986694336,28.755111694335938,12.485569953918457,0
606,663,1414.3203125,353.9098205566406,20.81141471862793,47.049434661865234,134.75311279296875,0
607,664,1182.447998046875,342.1033935546875,16.056245803833008,18.0717830657959,47.7835578918457,0
608,665,716.9737548828125,363.30157470703125,29.776649475097656,64.26602172851562,15.365829467773438,0
609,666,1911.276611328125,342.4300537109375,20.50583839416504,27.523380279541016,170.12637329101562,0
610,667,1839.3914794921875,341.4814147949219,15.058682441711426,26.650827407836914,15.97746753692627,0
611,668,1685.0814208984375,332.7369079589844,15.009979248046875,17.17119026184082,152.83953857421875,1
612,669,809.1944580078125,342.777587890625,25.39592933654785,41.460975646972656,144.3898468017578,1
613,670,1462.0562744140625,325.9920349121094,10.564780235290527,12.96259593963623,51.04258728027344,1
614,672,1801.1644287109375,332.7560119628906,15.927228927612305,35.40372085571289,168.48541259765625,0
615,673,516.6898803710938,359.3038635253906,61.178375244140625,72.9437255859375,2.955071210861206,1
616,674,711.8980712890625,324.5556945800781,8.083216667175293,14.432095527648926,140.6378936767578,0
617,675,848.8654174804688,322.403564453125,7.697221279144287,16.309431076049805,150.88070678710938,1
618,676,200.4898681640625,358.06689453125,71.6396713256836,96.69447326660156,134.6415557861328,0
619,677,321.4996643066406,335.877685546875,35.786399841308594,60.960899353027344,118.89994049072266,1
620,678,1927.9603271484375,316.0767822265625,11.194036483764648,18.666805267333984,124.4546890258789,0
621,679,876.0884399414062,328.9814147949219,17.06542205810547,48.361297607421875,140.21600341796875,1
622,680,1977.5880126953125,319.3515625,10.752448081970215,32.51225662231445,148.4192657470703,0
623,681,949.796630859375,315.662841796875,24.505630493164062,26.976449966430664,0.6623691320419312,0
624,682,1766.4915771484375,328.98138427734375,16.400171279907227,53.729949951171875,170.22193908691406,0
625,683,1118.9256591796875,325.3743896484375,46.51521301269531,68.3376235961914,110.95486450195312,1
626,685,1839.3494873046875,307.92742919921875,17.833614349365234,26.9470272064209,16.454181671142578,0
627,686,1417.957275390625,304.64141845703125,17.381484985351562,22.00117301940918,154.2467803955078,0
628,687,1360.1131591796875,318.63775634765625,27.261016845703125,60.46881866455078,13.325539588928223,0
629,688,662.1779174804688,300.76776123046875,13.991518020629883,24.79117202758789,134.5583038330078,0
630,690,888.1131591796875,299.58038330078125,22.954490661621094,37.57554626464844,114.5811767578125,1
631,691,1008.3251342773438,346.2294921875,58.66288757324219,116.8077392578125,159.90164184570312,1
632,692,2099.43505859375,296.4102783203125,26.380918502807617,30.740156173706055,107.56832122802734,0
633,693,482.23028564453125,290.1163635253906,15.8430814743042,18.24422836303711,177.62692260742188,0
634,694,1926.86572265625,284.285888671875,10.68343448638916,15.738564491271973,122.67642211914062,0
635,695,747.3203125,328.02520751953125,42.79777526855469,124.76889038085938,144.26138305664062,0
636,696,207.40182495117188,287.0032653808594,19.096237182617188,20.468223571777344,59.97422409057617,0
637,697,629.7416381835938,338.5172424316406,94.77125549316406,110.1667251586914,136.18569946289062,0
638,698,1392.5238037109375,285.904296875,21.912738800048828,27.91231346130371,143.56967163085938,0
639,699,301.6395263671875,283.13494873046875,19.302988052368164,53.64651107788086,93.92533111572266,0
640,701,1863.947265625,278.99566650390625,11.306405067443848,18.60144805908203,80.9688949584961,0
641,702,397.0362548828125,322.7057189941406,71.1500015258789,116.62958526611328,39.52260971069336,0
642,703,940.9052734375,281.68585205078125,24.103557586669922,40.43415069580078,79.42469024658203,1
643,704,803.621826171875,272.4289245605469,9.506412506103516,17.44258689880371,120.7790756225586,0
644,705,1449.293212890625,289.8092956542969,14.343539237976074,51.77970504760742,165.6846923828125,0
645,706,733.0881958007812,261.0793151855469,6.779667854309082,7.900195598602295,141.20254516601562,1
646,708,721.965576171875,260.0171203613281,10.26893138885498,11.115046501159668,127.2320327758789,1
647,709,100.06493377685547,265.8189392089844,17.61158561706543,25.186086654663086,160.55709838867188,0
648,710,1417.6959228515625,269.1598205566406,23.7298641204834,31.088741302490234,17.440998077392578,0
649,711,62.11030578613281,314.07586669921875,90.45195007324219,113.1635971069336,50.315914154052734,0
650,712,251.24502563476562,250.7799530029297,6.679042339324951,8.976513862609863,145.15208435058594,1
651,714,743.3815307617188,250.34144592285156,11.70569896697998,22.22265625,106.2184829711914,0
652,715,521.4481201171875,265.212890625,30.2906551361084,48.30768585205078,167.5292205810547,0
653,716,1527.227783203125,260.0381774902344,23.348108291625977,49.71028137207031,178.43215942382812,0
654,717,477.18438720703125,256.64239501953125,18.669296264648438,36.08799362182617,154.4641876220703,0
655,718,909.015869140625,246.00550842285156,14.420975685119629,30.50564956665039,105.7581558227539,1
656,719,775.7630615234375,251.43463134765625,26.678558349609375,33.185585021972656,54.76570510864258,0
657,720,362.0326843261719,265.7475280761719,38.95744323730469,54.74597930908203,0.6488450169563293,0
658,721,11.557692527770996,238.21153259277344,5.874782085418701,12.133330345153809,86.43749237060547,0
659,722,1396.0484619140625,244.61659240722656,15.131325721740723,21.12519073486328,173.06565856933594,0
660,723,1207.50634765625,231.2119140625,9.2352294921875,12.530047416687012,8.376640319824219,1
661,724,668.1050415039062,231.39132690429688,15.315149307250977,17.986679077148438,154.26502990722656,1
662,725,1551.1373291015625,225.23155212402344,8.468910217285156,15.975732803344727,79.85415649414062,0
663,727,1360.660888671875,224.8995361328125,11.639768600463867,15.146276473999023,121.2059555053711,1
664,728,261.7389831542969,246.64862060546875,57.6636848449707,67.8049087524414,27.745603561401367,0
665,729,955.2800903320312,227.50579833984375,16.538667678833008,32.1129035949707,75.88726043701172,1
666,730,584.6257934570312,252.0982666015625,54.25815200805664,85.65440368652344,23.888662338256836,1
667,731,982.439697265625,222.72100830078125,14.95481014251709,17.1455135345459,72.20321655273438,1
668,732,1952.4285888671875,217.42857360839844,7.273098468780518,8.605646133422852,45.0,0
669,734,1139.4139404296875,226.9086151123047,17.561798095703125,27.93621253967285,160.550537109375,0
670,735,1431.16943359375,227.34600830078125,21.32913589477539,26.99610137939453,168.9354705810547,0
671,736,1251.2249755859375,271.5372619628906,64.91857147216797,147.75254821777344,138.34169006347656,1
672,737,458.9212341308594,217.65020751953125,8.926077842712402,17.056835174560547,178.75350952148438,1
673,739,1444.5,209.5,6.260990142822266,9.899495124816895,135.0,1
674,740,34.68064498901367,242.20310974121094,35.40287780761719,71.56501007080078,0.14812083542346954,0
675,741,130.2307586669922,236.42742919921875,45.302310943603516,74.34644317626953,22.640235900878906,0
676,742,1556.8155517578125,203.8058319091797,6.531469345092773,9.809626579284668,157.5,0
677,743,1850.7838134765625,214.6557159423828,15.805810928344727,32.853851318359375,16.2645263671875,0
678,744,1582.1488037109375,210.5846405029297,18.967222213745117,24.789026260375977,38.81166458129883,0
679,745,353.0037841796875,206.72120666503906,13.425182342529297,22.52886390686035,156.17889404296875,1
680,746,1344.1524658203125,219.51646423339844,24.417810440063477,104.279296875,112.43624114990234,0
681,747,684.9281616210938,205.3157196044922,15.094464302062988,26.311635971069336,170.80467224121094,1
682,748,1516.41455078125,195.85165405273438,13.312870025634766,21.084348678588867,17.034103393554688,0
683,749,1305.65185546875,241.97682189941406,29.43317222595215,139.70751953125,143.77235412597656,0
684,750,1890.5531005859375,196.58847045898438,12.744178771972656,31.437196731567383,1.303891897201538,0
685,751,1354.2774658203125,187.92141723632812,7.19528341293335,17.99695587158203,103.02599334716797,1
686,753,642.028564453125,186.99632263183594,8.072281837463379,13.11181640625,118.83549499511719,1
687,754,1162.9639892578125,194.8571014404297,21.1368408203125,33.61656951904297,126.15950775146484,0
688,755,4.730755805969238,195.7761688232422,14.417786598205566,31.085357666015625,176.50460815429688,0
689,756,1868.7265625,186.4748077392578,8.209171295166016,20.82267951965332,160.14938354492188,0
690,757,870.7069702148438,190.36920166015625,16.512990951538086,30.720417022705078,126.18193054199219,0
691,758,1401.0350341796875,193.84619140625,25.478378295898438,32.8508415222168,164.46014404296875,0
692,759,1764.8822021484375,188.3744659423828,15.512372970581055,27.574878692626953,169.1589813232422,0
693,760,521.3812866210938,201.79782104492188,48.10160827636719,66.99847412109375,111.56655883789062,0
694,763,905.1721801757812,193.26394653320312,28.028736114501953,52.107669830322266,158.19468688964844,0
695,764,185.6783905029297,227.72991943359375,47.66489791870117,110.06800842285156,8.824705123901367,0
696,765,1041.5867919921875,212.3273162841797,69.57328033447266,104.9690933227539,48.298221588134766,0
697,767,656.8029174804688,168.113037109375,18.303382873535156,50.85055160522461,89.57568359375,1
698,768,1112.7965087890625,170.10906982421875,19.442785263061523,26.41724395751953,150.8572998046875,0
699,769,1970.2506103515625,169.31336975097656,12.734404563903809,25.90960693359375,178.54710388183594,0
700,770,2025.2467041015625,186.50936889648438,23.14351463317871,59.42548751831055,167.53538513183594,0
701,771,217.24256896972656,164.50035095214844,16.017559051513672,32.59202575683594,101.3889389038086,0
702,772,1481.6502685546875,157.97341918945312,11.158074378967285,28.75132179260254,106.3714828491211,0
703,773,867.6475219726562,161.74159240722656,18.769067764282227,31.466585159301758,60.43212890625,0
704,774,100.40445709228516,183.5195770263672,60.79722595214844,112.67301177978516,97.10289764404297,0
705,775,1432.0645751953125,155.52406311035156,18.60611343383789,23.124393463134766,1.840680718421936,0
706,776,1950.859619140625,150.88265991210938,14.136857986450195,17.08305549621582,121.14100646972656,0
707,777,1392.3685302734375,149.84361267089844,17.413558959960938,23.082847595214844,102.09941101074219,0
708,778,1285.0,144.0,6.324555397033691,6.324555397033691,0.0,1
709,779,794.5587768554688,191.0435791015625,74.4712142944336,127.36466217041016,104.3552017211914,1
710,780,1882.578125,159.10086059570312,18.43831443786621,45.27852249145508,178.29869079589844,0
711,782,560.987548828125,159.34115600585938,25.71893310546875,43.46841812133789,148.09982299804688,0
712,783,1175.2833251953125,140.25743103027344,11.795886039733887,16.45693016052246,100.5343246459961,0
713,784,951.3863525390625,136.62611389160156,7.256074905395508,9.038790702819824,104.32992553710938,1
714,785,794.9895629882812,137.90225219726562,8.172242164611816,11.86711597442627,154.00428771972656,1
715,786,1007.4121704101562,136.12893676757812,11.54770565032959,17.886884689331055,173.63563537597656,1
716,787,1301.8863525390625,148.82635498046875,40.43624496459961,53.47561264038086,106.90813446044922,0
717,789,1090.4273681640625,142.0355987548828,27.283695220947266,48.41156768798828,64.91375732421875,0
718,790,1557.93896484375,147.38644409179688,17.790302276611328,57.47412872314453,156.6498260498047,0
719,791,1279.0,123.0,5.5278639793396,14.472135543823242,76.71747589111328,0
720,793,450.88702392578125,129.37107849121094,21.06004524230957,27.572540283203125,124.14778137207031,0
721,795,609.1644897460938,137.2075958251953,39.67569351196289,48.735652923583984,124.82794189453125,0
722,796,1760.408935546875,127.6427001953125,18.157020568847656,35.03631591796875,44.59245681762695,0
723,797,1730.5496826171875,122.0557632446289,13.620664596557617,19.8216495513916,9.04326057434082,0
724,798,1900.36865234375,125.50828552246094,16.10260581970215,47.854915618896484,161.89259338378906,0
725,799,1812.54443359375,143.4757080078125,27.568662643432617,78.01412200927734,7.593533515930176,0
726,800,24.899959564208984,130.49862670898438,46.67125701904297,58.31875991821289,49.20452117919922,0
727,801,516.59912109375,140.41038513183594,45.43058776855469,84.93109130859375,56.92502975463867,1
728,802,649.3535766601562,112.51133728027344,17.714773178100586,31.867034912109375,140.1768798828125,0
729,803,147.74520874023438,116.90583801269531,24.5220947265625,37.81224060058594,157.95726013183594,0
730,805,836.6429443359375,102.22510528564453,14.31223201751709,22.51963996887207,152.52516174316406,1
731,806,128.5475616455078,94.87553405761719,6.3087968826293945,9.296358108520508,122.620849609375,0
732,807,1724.4891357421875,97.30061340332031,9.326215744018555,15.098833084106445,13.114959716796875,0
733,808,1581.9326171875,102.43778228759766,24.49213218688965,32.80791473388672,178.8167266845703,0
734,809,1020.9683227539062,102.43832397460938,21.725740432739258,67.8920669555664,115.21412658691406,0
735,811,1252.6395263671875,95.21510314941406,24.19586753845215,54.751014709472656,101.3007583618164,0
736,812,1126.302978515625,89.84783935546875,19.53537940979004,31.025634765625,115.51634216308594,0
737,813,1364.5289306640625,96.18736267089844,21.05286979675293,36.10055160522461,169.20748901367188,0
738,814,1498.251953125,96.50048065185547,18.984949111938477,38.62397003173828,164.91366577148438,0
739,815,767.2971801757812,95.92877197265625,42.80995559692383,57.288108825683594,84.98441314697266,1
740,816,1912.2557373046875,83.17489624023438,17.59959602355957,26.8044376373291,152.75050354003906,0
741,817,1569.5281982421875,77.65501403808594,10.510602951049805,17.189830780029297,49.9573860168457,1
742,818,784.0,71.0,6.0,8.485280990600586,135.0,0
743,820,698.6995239257812,118.15499877929688,43.75608444213867,108.83272552490234,154.51437377929688,0
744,821,2064.5,70.5,8.509157180786133,10.34890079498291,20.59296226501465,0
745,822,1176.4378662109375,77.04074096679688,20.393247604370117,33.24605941772461,123.78838348388672,0
746,823,1387.1085205078125,69.17725372314453,6.513760566711426,13.060977935791016,14.495735168457031,0
747,824,1665.748779296875,73.87676239013672,20.3808650970459,24.098670959472656,118.1931381225586,0
748,825,1450.23291015625,75.35933685302734,21.849889755249023,26.305770874023438,172.45419311523438,0
749,826,1485.001708984375,63.109127044677734,5.90495491027832,6.302793025970459,142.64569091796875,0
750,827,326.5400695800781,65.84627532958984,8.142274856567383,12.37967300415039,154.221435546875,0
751,828,552.2035522460938,72.4241943359375,23.60462760925293,40.22848892211914,120.09095764160156,0
752,829,1008.2805786132812,68.23538208007812,17.400896072387695,32.08642578125,134.42172241210938,0
753,830,1482.50390625,62.620174407958984,21.97869300842285,24.698217391967773,131.0831756591797,0
754,831,1774.9888916015625,65.65418243408203,17.75777816772461,37.086360931396484,6.958291530609131,0
755,833,1719.547607421875,49.12446975708008,6.3087968826293945,9.296358108520508,57.379154205322266,0
756,834,1090.700927734375,56.45005416870117,21.504587173461914,43.49675750732422,98.81566619873047,0
757,835,136.5426788330078,50.2573356628418,11.539251327514648,29.16392707824707,118.970458984375,0
758,837,508.1813049316406,38.76475524902344,8.847622871398926,13.005985260009766,87.64171600341797,1
759,838,1829.9254150390625,44.92730712890625,13.561334609985352,23.607091903686523,167.0218505859375,0
760,839,846.117431640625,42.59016418457031,19.492345809936523,22.652462005615234,121.76700592041016,0
761,840,588.8310546875,60.007389068603516,35.799922943115234,61.08225631713867,158.63925170898438,0
762,841,633.347412109375,41.796939849853516,16.593677520751953,40.058284759521484,133.0177764892578,0
763,842,985.868408203125,28.905506134033203,14.911476135253906,28.254423141479492,86.05432891845703,0
764,843,657.1066284179688,30.1495304107666,18.32447624206543,24.430057525634766,16.158878326416016,1
765,844,1303.3642578125,33.893898010253906,22.080453872680664,37.71796417236328,139.7457733154297,0
766,845,1741.177490234375,21.16868782043457,9.11341667175293,14.341320037841797,6.621451377868652,0
767,846,776.2255859375,26.677108764648438,22.236915588378906,29.627933502197266,147.4679412841797,0
768,847,1708.833251953125,28.775238037109375,26.440153121948242,34.328407287597656,145.7921905517578,0
769,848,274.4128723144531,37.25327682495117,42.96796798706055,66.00183868408203,134.00350952148438,0
770,849,1046.5101318359375,27.018341064453125,18.47335433959961,39.03965377807617,174.33946228027344,0
771,851,1644.47900390625,5.456127166748047,19.62813949584961,50.21953582763672,174.65756225585938,0
772,852,1610.391357421875,1.56521737575531,5.5888261795043945,7.474809169769287,112.5,0
773,853,1557.2701416015625,20.102375030517578,21.0802059173584,41.17757797241211,165.22427368164062,0
774,854,1314.95947265625,5.338242530822754,19.18528938293457,23.862192153930664,113.91888427734375,0
775,855,1246.22216796875,23.726041793823242,31.398149490356445,58.031837463378906,179.24234008789062,1
776,856,1179.593505859375,6.801018714904785,11.884382247924805,34.206092834472656,6.905101299285889,0
777,857,1079.5833740234375,1.5138092041015625,4.977801322937012,18.150659561157227,84.94520568847656,0
778,859,889.0142822265625,1.8289066553115845,9.616418838500977,23.19490623474121,75.44091033935547,0
779,860,821.3482666015625,1.558974266052246,25.77460289001465,63.96916198730469,103.92096710205078,0
780,861,731.5699462890625,5.6600847244262695,29.446592330932617,59.07047653198242,164.43612670898438,1
781,862,654.6751098632812,3.8316352367401123,12.047310829162598,23.4678897857666,93.25277709960938,1
782,863,595.0029907226562,4.465177536010742,17.38189125061035,26.23807716369629,108.57730865478516,0
783,864,536.7022705078125,1.2134830951690674,6.1601152420043945,9.866241455078125,96.264404296875,0
784,865,460.0979309082031,53.269535064697266,76.75767517089844,96.81098937988281,164.40115356445312,1
785,866,381.7842102050781,19.734107971191406,39.615570068359375,41.93352508544922,137.97653198242188,1
786,867,333.36993408203125,19.46332359313965,29.75621223449707,46.6396484375,172.64639282226562,0
787,869,216.662109375,59.56227111816406,53.42567443847656,133.88487243652344,150.0343780517578,1
